EntryType;Column;Value;Order;BG;CS;DA;DE;DE_1;DE_2;DE_3;EL;EL_1;EN;EN_1;EN_2;ES;ET;FI;FR;FR_1;FR_2;FR_3;HR;HU;IS;IT;IT_1;LT;LU;LV;MK;MT;NL;NL_1;NO;PL;PT;RO;RU_1;RU_2;RU_3;SK;SL;SR;SV;SV_1
SubsetValue;Sectorgrp;Agriculture, forestry and fishing;1;;;;;;;;;;;;;;;;;;;;;;;;;;;;;;;;;;;;;;;;;;;
SubsetValue;Sectorgrp;Construction, waste management, water and electricity supply;2;;;;;;;;;;;;;;;;;;;;;;;;;;;;;;;;;;;;;;;;;;;
SubsetValue;Sectorgrp;Manufacturing;3;;;;;;;;;;;;;;;;;;;;;;;;;;;;;;;;;;;;;;;;;;;
SubsetValue;Sectorgrp;Trade, transport, food/accommodation and recreation activities;4;;;;;;;;;;;;;;;;;;;;;;;;;;;;;;;;;;;;;;;;;;;
SubsetValue;Sectorgrp;IT, Finance, Real estate and other technical scientific or personal service activities;5;;;;;;;;;;;;;;;;;;;;;;;;;;;;;;;;;;;;;;;;;;;
SubsetValue;Sectorgrp;Public administration;6;;;;;;;;;;;;;;;;;;;;;;;;;;;;;;;;;;;;;;;;;;;
SubsetValue;Sectorgrp;Education;7;Образование;Vzdělávání;Undervisning;Erziehung und Unterricht;Erziehung und Unterricht;Erziehung und Unterricht;Erziehung und Unterricht;Εκπαίδευση;Εκπαίδευση;Education;Education;Education;Educación;Haridus;Koulutuspalvelut;Enseignement;Enseignement;Enseignement;Enseignement;Obrazovanje;Oktatás;Menntun;Istruzione;Istruzione;Švietimas;Bildung;Izglītība;Образование ;Edukazzjoni;Onderwijs;Onderwijs;Utdanning;Edukacja;Educação;Învățământ;Образование;Образование;Образование;Činnosti v oblasti vzdelávania;Izobraževanje;Obrazovanje;Utbildning tjänster;Utbildning tjänster
SubsetValue;Sectorgrp;Human health and social work activities;8;Xуманно здравеопазване и социална работа;Zdravotní a sociální péče;Sundhedsvæsen og sociale foranstaltninger;Gesundheits- und Sozialwesen;Gesundheits- und Sozialwesen;Gesundheits- und Sozialwesen;Gesundheits- und Sozialwesen;Aνθρώπινη υγεία και κοινωνική πρόνοια;Aνθρώπινη υγεία και κοινωνική πρόνοια;Human health and social work activities;Human health and social work activities;Human health and social work activities;Sanidad y trabajo social;Tervishoid ja sotsiaaltöö;Terveydenhuolto- ja sosiaalipalvelut;Santé humaine et action sociale;Santé humaine et action sociale;Santé humaine et action sociale;Santé humaine et action sociale;Zdravstvena zaštita i socijalna skrb;Humán-egészségügyi és szociális ellátás;Heilbrigði manna og félagsþjónusta;Sanità e assistenza sociale;Sanità e assistenza sociale;Žmonių sveikata ir su socialiniu darbu susijusi veikla;Mënschlech Gesondheet a Sozialaarbecht;Veselības un sociālā aprūpe;Aктивности за човечко здравје и социјална работа;Attivitajiet ta’ saħħa tal-bniedem u xogħol soċjali;Gezondheidszorg en maatschappelijke dienstverlening;Gezondheidszorg en maatschappelijke dienstverlening;Helse- og sosialtjenester;Opieka zdrowotna i pomoc społeczna;Saúde humana e apoio social;Activități privind sănătatea umană și asistența socială;Здоровье человека и социальная работа;Здоровье человека и социальная работа;Здоровье человека и социальная работа;Ľudského zdravia a sociálnej práce;Zdravstvo in socialno varstvo;Zdravstvo i delatnosti socijalne zaštite;Vård och omsorg samt sociala tjänster;Vård och omsorg samt sociala tjänster
SubsetValue;Size;5 to 9 employees;1;;;;;;;;;;;;;;;;;;;;;;;;;;;;;;;;;;;;;;;;;;;
SubsetValue;Size;10 to 49 employees;2;;;;;;;;;;;;;;;;;;;;;;;;;;;;;;;;;;;;;;;;;;;
SubsetValue;Size;50 to 249 employees;3;;;;;;;;;;;;;;;;;;;;;;;;;;;;;;;;;;;;;;;;;;;
SubsetValue;Size;250 or more employees;4;;;;;;;;;;;;;;;;;;;;;;;;;;;;;;;;;;;;;;;;;;;
SubsetValue;Country;EU27_2020;1;EU27_2020;EU27_2020;EU27_2020;EU27_2020;EU27_2020;EU27_2020;EU27_2020;EU27_2020;EU27_2020;EU27_2020;EU27_2020;EU27_2020;EU27_2020;EU27_2020;EU27_2020;EU27_2020;EU27_2020;EU27_2020;EU27_2020;EU27_2020;EU27_2020;EU27_2020;EU27_2020;EU27_2020;EU27_2020;EU27_2020;EU27_2020;EU27_2020;EU27_2020;EU27_2020;EU27_2020;EU27_2020;EU27_2020;EU27_2020;EU27_2020;EU27_2020;EU27_2020;EU27_2020;EU27_2020;EU27_2020;EU27_2020;EU27_2020;EU27_2020
SubsetValue;Country;AT;2;;;;;;;;;;;;;;;;;;;;;;;;;;;;;;;;;;;;;;;;;;;
SubsetValue;Country;BE;3;;;;;;;;;;;;;;;;;;;;;;;;;;;;;;;;;;;;;;;;;;;
SubsetValue;Country;BG;4;;;;;;;;;;;;;;;;;;;;;;;;;;;;;;;;;;;;;;;;;;;
SubsetValue;Country;CH;5;;;;;;;;;;;;;;;;;;;;;;;;;;;;;;;;;;;;;;;;;;;
SubsetValue;Country;CY;6;;;;;;;;;;;;;;;;;;;;;;;;;;;;;;;;;;;;;;;;;;;
SubsetValue;Country;CZ;7;;;;;;;;;;;;;;;;;;;;;;;;;;;;;;;;;;;;;;;;;;;
SubsetValue;Country;DE;8;;;;;;;;;;;;;;;;;;;;;;;;;;;;;;;;;;;;;;;;;;;
SubsetValue;Country;DK;9;;;;;;;;;;;;;;;;;;;;;;;;;;;;;;;;;;;;;;;;;;;
SubsetValue;Country;EE;10;;;;;;;;;;;;;;;;;;;;;;;;;;;;;;;;;;;;;;;;;;;
SubsetValue;Country;EL;11;;;;;;;;;;;;;;;;;;;;;;;;;;;;;;;;;;;;;;;;;;;
SubsetValue;Country;ES;12;;;;;;;;;;;;;;;;;;;;;;;;;;;;;;;;;;;;;;;;;;;
SubsetValue;Country;FI;13;;;;;;;;;;;;;;;;;;;;;;;;;;;;;;;;;;;;;;;;;;;
SubsetValue;Country;FR;14;;;;;;;;;;;;;;;;;;;;;;;;;;;;;;;;;;;;;;;;;;;
SubsetValue;Country;HR;15;;;;;;;;;;;;;;;;;;;;;;;;;;;;;;;;;;;;;;;;;;;
SubsetValue;Country;HU;16;;;;;;;;;;;;;;;;;;;;;;;;;;;;;;;;;;;;;;;;;;;
SubsetValue;Country;IE;17;;;;;;;;;;;;;;;;;;;;;;;;;;;;;;;;;;;;;;;;;;;
SubsetValue;Country;IS;18;;;;;;;;;;;;;;;;;;;;;;;;;;;;;;;;;;;;;;;;;;;
SubsetValue;Country;IT;19;;;;;;;;;;;;;;;;;;;;;;;;;;;;;;;;;;;;;;;;;;;
SubsetValue;Country;LT;20;;;;;;;;;;;;;;;;;;;;;;;;;;;;;;;;;;;;;;;;;;;
SubsetValue;Country;LU;21;;;;;;;;;;;;;;;;;;;;;;;;;;;;;;;;;;;;;;;;;;;
SubsetValue;Country;LV;22;;;;;;;;;;;;;;;;;;;;;;;;;;;;;;;;;;;;;;;;;;;
SubsetValue;Country;MK;23;;;;;;;;;;;;;;;;;;;;;;;;;;;;;;;;;;;;;;;;;;;
SubsetValue;Country;MT;24;;;;;;;;;;;;;;;;;;;;;;;;;;;;;;;;;;;;;;;;;;;
SubsetValue;Country;NL;25;;;;;;;;;;;;;;;;;;;;;;;;;;;;;;;;;;;;;;;;;;;
SubsetValue;Country;NO;26;;;;;;;;;;;;;;;;;;;;;;;;;;;;;;;;;;;;;;;;;;;
SubsetValue;Country;PL;27;;;;;;;;;;;;;;;;;;;;;;;;;;;;;;;;;;;;;;;;;;;
SubsetValue;Country;PO;28;;;;;;;;;;;;;;;;;;;;;;;;;;;;;;;;;;;;;;;;;;;
SubsetValue;Country;RO;29;;;;;;;;;;;;;;;;;;;;;;;;;;;;;;;;;;;;;;;;;;;
SubsetValue;Country;RS;30;;;;;;;;;;;;;;;;;;;;;;;;;;;;;;;;;;;;;;;;;;;
SubsetValue;Country;SE;31;;;;;;;;;;;;;;;;;;;;;;;;;;;;;;;;;;;;;;;;;;;
SubsetValue;Country;SI;32;;;;;;;;;;;;;;;;;;;;;;;;;;;;;;;;;;;;;;;;;;;
SubsetValue;Country;SK;33;;;;;;;;;;;;;;;;;;;;;;;;;;;;;;;;;;;;;;;;;;;
SubsetValue;Country;UK;34;;;;;;;;;;;;;;;;;;;;;;;;;;;;;;;;;;;;;;;;;;;
CountryCode;CountryCode;EU27_2020;1;EU27_2020;EU27_2020;EU27_2020;EU27_2020;EU27_2020;EU27_2020;EU27_2020;EU27_2020;EU27_2020;EU27_2020;EU27_2020;EU27_2020;EU27_2020;EU27_2020;EU27_2020;EU27_2020;EU27_2020;EU27_2020;EU27_2020;EU27_2020;EU27_2020;EU27_2020;EU27_2020;EU27_2020;EU27_2020;EU27_2020;EU27_2020;EU27_2020;EU27_2020;EU27_2020;EU27_2020;EU27_2020;EU27_2020;EU27_2020;EU27_2020;EU27_2020;EU27_2020;EU27_2020;EU27_2020;EU27_2020;EU27_2020;EU27_2020;EU27_2020
CountryCode;CountryCode;AT;2;;;;;;;;;;;;;;;;;;;;;;;;;;;;;;;;;;;;;;;;;;;
CountryCode;CountryCode;BE;3;;;;;;;;;;;;;;;;;;;;;;;;;;;;;;;;;;;;;;;;;;;
CountryCode;CountryCode;BG;4;;;;;;;;;;;;;;;;;;;;;;;;;;;;;;;;;;;;;;;;;;;
CountryCode;CountryCode;CY;5;;;;;;;;;;;;;;;;;;;;;;;;;;;;;;;;;;;;;;;;;;;
CountryCode;CountryCode;CZ;6;;;;;;;;;;;;;;;;;;;;;;;;;;;;;;;;;;;;;;;;;;;
CountryCode;CountryCode;DE;7;;;;;;;;;;;;;;;;;;;;;;;;;;;;;;;;;;;;;;;;;;;
CountryCode;CountryCode;DK;8;;;;;;;;;;;;;;;;;;;;;;;;;;;;;;;;;;;;;;;;;;;
CountryCode;CountryCode;EE;9;;;;;;;;;;;;;;;;;;;;;;;;;;;;;;;;;;;;;;;;;;;
CountryCode;CountryCode;EL;10;;;;;;;;;;;;;;;;;;;;;;;;;;;;;;;;;;;;;;;;;;;
CountryCode;CountryCode;ES;11;;;;;;;;;;;;;;;;;;;;;;;;;;;;;;;;;;;;;;;;;;;
CountryCode;CountryCode;FI;12;;;;;;;;;;;;;;;;;;;;;;;;;;;;;;;;;;;;;;;;;;;
CountryCode;CountryCode;FR;13;;;;;;;;;;;;;;;;;;;;;;;;;;;;;;;;;;;;;;;;;;;
CountryCode;CountryCode;HR;14;;;;;;;;;;;;;;;;;;;;;;;;;;;;;;;;;;;;;;;;;;;
CountryCode;CountryCode;HU;15;;;;;;;;;;;;;;;;;;;;;;;;;;;;;;;;;;;;;;;;;;;
CountryCode;CountryCode;IE;16;;;;;;;;;;;;;;;;;;;;;;;;;;;;;;;;;;;;;;;;;;;
CountryCode;CountryCode;IT;17;;;;;;;;;;;;;;;;;;;;;;;;;;;;;;;;;;;;;;;;;;;
CountryCode;CountryCode;LT;18;;;;;;;;;;;;;;;;;;;;;;;;;;;;;;;;;;;;;;;;;;;
CountryCode;CountryCode;LU;19;;;;;;;;;;;;;;;;;;;;;;;;;;;;;;;;;;;;;;;;;;;
CountryCode;CountryCode;LV;20;;;;;;;;;;;;;;;;;;;;;;;;;;;;;;;;;;;;;;;;;;;
CountryCode;CountryCode;MT;21;;;;;;;;;;;;;;;;;;;;;;;;;;;;;;;;;;;;;;;;;;;
CountryCode;CountryCode;NL;22;;;;;;;;;;;;;;;;;;;;;;;;;;;;;;;;;;;;;;;;;;;
CountryCode;CountryCode;PL;23;;;;;;;;;;;;;;;;;;;;;;;;;;;;;;;;;;;;;;;;;;;
CountryCode;CountryCode;PO;24;;;;;;;;;;;;;;;;;;;;;;;;;;;;;;;;;;;;;;;;;;;
CountryCode;CountryCode;RO;25;;;;;;;;;;;;;;;;;;;;;;;;;;;;;;;;;;;;;;;;;;;
CountryCode;CountryCode;SE;26;;;;;;;;;;;;;;;;;;;;;;;;;;;;;;;;;;;;;;;;;;;
CountryCode;CountryCode;SI;27;;;;;;;;;;;;;;;;;;;;;;;;;;;;;;;;;;;;;;;;;;;
CountryCode;CountryCode;SK;28;;;;;;;;;;;;;;;;;;;;;;;;;;;;;;;;;;;;;;;;;;;
CountryCode;CountryCode;CH;29;;;;;;;;;;;;;;;;;;;;;;;;;;;;;;;;;;;;;;;;;;;
CountryCode;CountryCode;IS;30;;;;;;;;;;;;;;;;;;;;;;;;;;;;;;;;;;;;;;;;;;;
CountryCode;CountryCode;MK;31;;;;;;;;;;;;;;;;;;;;;;;;;;;;;;;;;;;;;;;;;;;
CountryCode;CountryCode;NO;32;;;;;;;;;;;;;;;;;;;;;;;;;;;;;;;;;;;;;;;;;;;
CountryCode;CountryCode;RS;33;;;;;;;;;;;;;;;;;;;;;;;;;;;;;;;;;;;;;;;;;;;
CountryCode;CountryCode;UK;34;;;;;;;;;;;;;;;;;;;;;;;;;;;;;;;;;;;;;;;;;;;
Answer;E3Q151_1;Yes;1;;;;;;;;;;;;;;;;;;;;;;;;;;;;;;;;;;;;;;;;;;;
Answer;E3Q151_1;No;2;;;;;;;;;;;;;;;;;;;;;;;;;;;;;;;;;;;;;;;;;;;
Answer;E3Q151_2;Yes;1;;;;;;;;;;;;;;;;;;;;;;;;;;;;;;;;;;;;;;;;;;;
Answer;E3Q151_2;No;2;;;;;;;;;;;;;;;;;;;;;;;;;;;;;;;;;;;;;;;;;;;
Answer;E3Q151_3;Yes;1;;;;;;;;;;;;;;;;;;;;;;;;;;;;;;;;;;;;;;;;;;;
Answer;E3Q151_3;No;2;;;;;;;;;;;;;;;;;;;;;;;;;;;;;;;;;;;;;;;;;;;
Answer;E3Q151_4;Yes;1;;;;;;;;;;;;;;;;;;;;;;;;;;;;;;;;;;;;;;;;;;;
Answer;E3Q151_4;No;2;;;;;;;;;;;;;;;;;;;;;;;;;;;;;;;;;;;;;;;;;;;
Answer;E3Q151_5;Yes;1;;;;;;;;;;;;;;;;;;;;;;;;;;;;;;;;;;;;;;;;;;;
Answer;E3Q151_5;No;2;;;;;;;;;;;;;;;;;;;;;;;;;;;;;;;;;;;;;;;;;;;
Answer;E3Q154;Yes;1;;;;;;;;;;;;;;;;;;;;;;;;;;;;;;;;;;;;;;;;;;;
Answer;E3Q154;No;2;;;;;;;;;;;;;;;;;;;;;;;;;;;;;;;;;;;;;;;;;;;
Answer;E3Q155;Yes;1;;;;;;;;;;;;;;;;;;;;;;;;;;;;;;;;;;;;;;;;;;;
Answer;E3Q155;No;2;;;;;;;;;;;;;;;;;;;;;;;;;;;;;;;;;;;;;;;;;;;
Answer;E3Q157_1;Yes;1;;;;;;;;;;;;;;;;;;;;;;;;;;;;;;;;;;;;;;;;;;;
Answer;E3Q157_1;No;2;;;;;;;;;;;;;;;;;;;;;;;;;;;;;;;;;;;;;;;;;;;
Answer;E3Q157_2;Yes;1;;;;;;;;;;;;;;;;;;;;;;;;;;;;;;;;;;;;;;;;;;;
Answer;E3Q157_2;No;2;;;;;;;;;;;;;;;;;;;;;;;;;;;;;;;;;;;;;;;;;;;
Answer;E3Q157_3;Yes;1;;;;;;;;;;;;;;;;;;;;;;;;;;;;;;;;;;;;;;;;;;;
Answer;E3Q157_3;No;2;;;;;;;;;;;;;;;;;;;;;;;;;;;;;;;;;;;;;;;;;;;
Answer;E3Q157_4;Yes;1;;;;;;;;;;;;;;;;;;;;;;;;;;;;;;;;;;;;;;;;;;;
Answer;E3Q157_4;No;2;;;;;;;;;;;;;;;;;;;;;;;;;;;;;;;;;;;;;;;;;;;
Answer;E3Q159;Rather increased;1;По-скоро е се е увеличил;Spíše zvýšil;Steget;Eher zugenommen;Eher zugenommen;Eher zugenommen;Eher zugenommen;Μάλλον αυξήθηκαν;Μάλλον αυξήθηκαν;Rather increased;Rather increased;Rather increased;Más bien han aumentado;Pigem suurenenud;Pikemminkin lisääntyneet;Ont plutôt augmenté;Ont plutôt augmenté;Ont plutôt augmenté;Ont plutôt augmenté;Donekle povećala;Inkább növekedett;Heldur fjölgað;Aumentata;Aumentata;Greičiau padidėjo;Eischter zougeholl;Drīzāk palielinājies;Тенденција на раст;Pjuttost żdiedu;Eerder toegenomen;Eerder toegenomen;Gått opp;Raczej wzrosła;Aumentaram;A crescut relativ;Скорее участились;Скорее участились;Скорее участились;Skôr sa zvýšila;Dokaj povečala;Prilično se povećalo;Snarare ökat;Snarare ökat
Answer;E3Q159;Rather decreased;2;По-скоро е намалял;Spíše snížil;Faldet;Eher abgenommen;Eher abgenommen;Eher abgenommen;Eher abgenommen;Μάλλον μειώθηκαν;Μάλλον μειώθηκαν;Rather decreased;Rather decreased;Rather decreased;Más bien han disminuido;Pigem vähenenud;Pikemminkin vähentyneet ;Ont plutôt diminué;Ont plutôt diminué;Ont plutôt diminué;Ont plutôt diminué;Donekle smanjila;Inkább csökkent;Heldur fækkað;Diminuita;Diminuita;Greičiau sumažėjo;Eischter ofgeholl;Drīzāk samazinājies;Тенденција на опаѓање;Pjuttost naqsu;Eerder afgenomen;Eerder afgenomen;Gått ned;Raczej zmalała;Diminuíram;A scăzut relativ;Скорее сократились;Скорее сократились;Скорее сократились;Skôr sa znížila;Dokaj zmanjšala;Prilično se smanjilo;Snarare minskat;Snarare minskat
Answer;E3Q159;Stayed about the same;3;Останал е почти същият;Zůstal přibližně stejný;Forblevet nogenlunde uændret;In etwa gleich geblieben;In etwa gleich geblieben;In etwa gleich geblieben;In etwa gleich geblieben;Έμειναν περίπου οι ίδιες;Έμειναν περίπου οι ίδιες;Stayed about the same;Stayed about the same;Stayed about the same;Se han mantenido aproximadamente igual;Jäänud ligikaudu samaks;Pysyneet suunnilleen ennallaan;N'ont pas changé;N'ont pas changé;N'ont pas changé;n'ont pas changé;Ostala otprilike ista;Körülbelül ugyanolyan szinten maradt;Haldist nokkurn veginn óbreyttar;Rimasta invariata;Rimasta invariata;Liko maždaug toks pat;Ongeféier d'selwescht bliwwen;Palicis aptuveni tāds pats;Речиси исто ниво;Baqgħu kważi l-istess;Ongeveer gelijk gebleven;Hetzelfde gebleven;Holdt seg likt;Pozostała mniej więcej na tym samym poziomie;Permaneceram relativamente iguais;A rămas aproximativ la fel;Остались примерно на том же уровне;Остались примерно на том же уровне;Остались примерно на том же уровне;Zostala približne rovnaká;Ostala približno enaka;Ostalo je približno isto;Varit ungefär densamma;Varit ungefär desamma
Answer;E3Q159;Don’t know;4;;;;;;;;;;;;;;;;;;;;;;;;;;;;;;;;;;;;;;;;;;;
Answer;E3Q160;Rather increased;1;По-скоро е се е увеличил;Spíše zvýšil;Steget;Eher zugenommen;Eher zugenommen;Eher zugenommen;Eher zugenommen;Μάλλον αυξήθηκαν;Μάλλον αυξήθηκαν;Rather increased;Rather increased;Rather increased;Más bien han aumentado;Pigem suurenenud;Pikemminkin lisääntyneet;A plutôt augmenté;A plutôt augmenté;A plutôt augmenté;A plutôt augmenté;Donekle povećala;Inkább növekedett;Heldur fjölgað;Aumentata;Aumentata;Greičiau padidėjo;Eischter zougeholl;Drīzāk palielinājies;Тенденција на раст;Pjuttost żdiedu;Eerder toegenomen;Eerder toegenomen;Gått opp;Raczej wzrosła;Aumentaram;A crescut relativ;Скорее участились;Скорее участились;Скорее участились;Skôr sa zvýšila;Dokaj povečala;Prilično se povećalo;Snarare ökat;Snarare ökat
Answer;E3Q160;Rather decreased;2;По-скоро е намалял;Spíše snížil;Faldet;Eher abgenommen;Eher abgenommen;Eher abgenommen;Eher abgenommen;Μάλλον μειώθηκαν;Μάλλον μειώθηκαν;Rather decreased;Rather decreased;Rather decreased;Más bien han disminuido;Pigem vähenenud;Pikemminkin vähentyneet ;A plutôt diminué;A plutôt diminué;A plutôt diminué;A plutôt diminué;Donekle smanjila;Inkább csökkent;Heldur fækkað;Diminuita;Diminuita;Greičiau sumažėjo;Eischter ofgeholl;Drīzāk samazinājies;Тенденција на опаѓање;Pjuttost naqsu;Eerder afgenomen;Eerder afgenomen;Gått ned;Raczej zmalała;Diminuíram;A scăzut relativ;Скорее сократились;Скорее сократились;Скорее сократились;Skôr sa znížila;Dokaj zmanjšala;Prilično se smanjilo;Snarare minskat;Snarare minskat
Answer;E3Q160;Stayed about the same;3;Останал е почти същият;Zůstal přibližně stejný;Forblevet nogenlunde uændret;In etwa gleich geblieben;In etwa gleich geblieben;In etwa gleich geblieben;In etwa gleich geblieben;Παρέμειναν οι ίδιες;Παρέμειναν οι ίδιες;Stayed about the same;Stayed about the same;Stayed about the same;Se han mantenido aproximadamente igual;Jäänud ligikaudu samaks;Pysyneet suunnilleen ennallaan;Est resté identique;Est resté identique;Est resté identique;Est resté identique;Ostala otprilike ista;Nagyjából ugyanolyan maradt;Haldist nokkurn veginn óbreyttar;Rimasta invariata;Rimasta invariata;Liko maždaug toks pat;Ongeféier d'selwescht bliwwen;Palicis aptuveni tāds pats;Речиси исто ниво;Baqgħu kważi l-istess;Ongeveer gelijk gebleven;Hetzelfde gebleven;Holdt seg likt;Pozostała mniej więcej na tym samym poziomie;Permaneceram relativamente iguais;A rămas aproximativ la fel;Остались примерно на том же уровне;Остались примерно на том же уровне;Остались примерно на том же уровне;Zostala približne rovnaká;Ostala približno enaka;Ostalo je približno isto;Varit ungefär densamma;Varit ungefär desamma
Answer;E3Q160;No work-related accidents occurred over the last 3 years;4;Никакви трудови злополуки не са се случвали през последните 3 години;Během posledních 3 let nedošlo k žádnému pracovnímu úrazu;Der har ikke været arbejdsrelaterede ulykker gennem de seneste 3 år;In den vergangenen 3 Jahren gab es keine Arbeitsunfälle;In den vergangenen 3 Jahren gab es keine Arbeitsunfälle;In den vergangenen 3 Jahren gab es keine Arbeitsunfälle;In den vergangenen 3 Jahren gab es keine Arbeitsunfälle;Δεν σημειώθηκαν ατυχήματα κατά την ώρα εργασίας κατά τα τελευταία 3 χρόνια;Δεν σημειώθηκαν ατυχήματα κατά την ώρα εργασίας κατά τα τελευταία 3 χρόνια;No work-related accidents occurred over the last 3 years;No work-related accidents occurred over the last 3 years;No work-related accidents occurred over the last 3 years;No se han producido accidentes de trabajo en los últimos 3 años;Viimasel 3 aastal pole tööõnnetusi juhtunud;Ei työtapaturmia viimeisten kolmen vuoden aikana;Aucun accident du travail n'est survenu au cours des 3 dernières années;Aucun accident du travail n'est survenu au cours des 3 dernières années;Aucun accident du travail n'est survenu au cours des 3 dernières années;Aucun accident du travail n'est survenu au cours des 3 dernières années;Nije bilo nesreća na radu u zadnje 3 godine;Nem fordult elő munkahelyi baleset az elmúlt 3 évben;Engin vinnuslys urðu á síðustu 3 árum;Non si sono verificati incidenti sul lavoro negli ultimi 3 anni;Non si sono verificati incidenti sul lavoro negli ultimi 3 anni;Per pastaruosius 3 metus nelaimingų atsitikimų darbe nebuvo;Et si keng Aarbechtsaccidenter an de leschten 3 Joer virgefall;Pēdējo 3 gadu laikā nav bijuši ar darbu saistīti nelaimes gadījumi;Во последниве 3 години не се случиле незгоди поврзани со работата;Ma kienx hemm inċidenti relatati max-xogħol matul dawn l-aħħar 3 snin;In de afgelopen drie jaar zijn er geen werkgerelateerde ongelukken gebeurd;Er gebeurden de afgelopen 3 jaar geen werkgerelateerde ongevallen;Ingen arbeidsrelaterte ulykker i løpet av de siste tre årene;Brak wypadków przy pracy w ciągu ostatnich 3 lat;Não ocorreram acidentes relacionados com o trabalho nos últimos 3 anos;Nu a avut loc niciun accident de muncă în ultimii 3 ani;За последние три года не было несчастных случаев на производстве;За последние три года не было несчастных случаев на производстве;За последние три года не было несчастных случаев на производстве;Za posledné tri roky nedošlo k žiadnym pracovným úrazom;V preteklih 3 letih se ni zgodila nobena nesreča, povezana z delom;Nije se dogodila nijedna povreda na radu u protekle tri godine;Inga arbetsrelaterade olyckor har inträffat under de senaste 3 åren;Inga arbetsrelaterade olyckor har inträffat under de senaste 3 åren
Answer;E3Q160;Don’t know;4;;;;;;;;;;;;;;;;;;;;;;;;;;;;;;;;;;;;;;;;;;;
Answer;E3Q200_1;Yes;1;;;;;;;;;;;;;;;;;;;;;;;;;;;;;;;;;;;;;;;;;;;
Answer;E3Q200_1;No;2;;;;;;;;;;;;;;;;;;;;;;;;;;;;;;;;;;;;;;;;;;;
Answer;E3Q200_2;Yes;1;;;;;;;;;;;;;;;;;;;;;;;;;;;;;;;;;;;;;;;;;;;
Answer;E3Q200_2;No;2;;;;;;;;;;;;;;;;;;;;;;;;;;;;;;;;;;;;;;;;;;;
Answer;E3Q200_3;Yes;1;;;;;;;;;;;;;;;;;;;;;;;;;;;;;;;;;;;;;;;;;;;
Answer;E3Q200_3;No;2;;;;;;;;;;;;;;;;;;;;;;;;;;;;;;;;;;;;;;;;;;;
Answer;E3Q200_4;Yes;1;;;;;;;;;;;;;;;;;;;;;;;;;;;;;;;;;;;;;;;;;;;
Answer;E3Q200_4;No;2;;;;;;;;;;;;;;;;;;;;;;;;;;;;;;;;;;;;;;;;;;;
Answer;E3Q200_5;Yes;1;;;;;;;;;;;;;;;;;;;;;;;;;;;;;;;;;;;;;;;;;;;
Answer;E3Q200_5;No;2;;;;;;;;;;;;;;;;;;;;;;;;;;;;;;;;;;;;;;;;;;;
Answer;E3Q200_6;Yes;1;;;;;;;;;;;;;;;;;;;;;;;;;;;;;;;;;;;;;;;;;;;
Answer;E3Q200_6;No;2;;;;;;;;;;;;;;;;;;;;;;;;;;;;;;;;;;;;;;;;;;;
Answer;E3Q200_7;Yes;1;;;;;;;;;;;;;;;;;;;;;;;;;;;;;;;;;;;;;;;;;;;
Answer;E3Q200_7;No;2;;;;;;;;;;;;;;;;;;;;;;;;;;;;;;;;;;;;;;;;;;;
Answer;E3Q200_8;Yes;1;;;;;;;;;;;;;;;;;;;;;;;;;;;;;;;;;;;;;;;;;;;
Answer;E3Q200_8;No;2;;;;;;;;;;;;;;;;;;;;;;;;;;;;;;;;;;;;;;;;;;;
Answer;E3Q200_9;Yes;1;;;;;;;;;;;;;;;;;;;;;;;;;;;;;;;;;;;;;;;;;;;
Answer;E3Q200_9;No;2;;;;;;;;;;;;;;;;;;;;;;;;;;;;;;;;;;;;;;;;;;;
Answer;E3Q200_10;Yes;1;;;;;;;;;;;;;;;;;;;;;;;;;;;;;;;;;;;;;;;;;;;
Answer;E3Q200_10;No;2;;;;;;;;;;;;;;;;;;;;;;;;;;;;;;;;;;;;;;;;;;;
Answer;E3Q201_1;Yes;1;;;;;;;;;;;;;;;;;;;;;;;;;;;;;;;;;;;;;;;;;;;
Answer;E3Q201_1;No;2;;;;;;;;;;;;;;;;;;;;;;;;;;;;;;;;;;;;;;;;;;;
Answer;E3Q201_2;Yes;1;;;;;;;;;;;;;;;;;;;;;;;;;;;;;;;;;;;;;;;;;;;
Answer;E3Q201_2;No;2;;;;;;;;;;;;;;;;;;;;;;;;;;;;;;;;;;;;;;;;;;;
Answer;E3Q201_3;Yes;1;;;;;;;;;;;;;;;;;;;;;;;;;;;;;;;;;;;;;;;;;;;
Answer;E3Q201_3;No;2;;;;;;;;;;;;;;;;;;;;;;;;;;;;;;;;;;;;;;;;;;;
Answer;E3Q201_4;Yes;1;;;;;;;;;;;;;;;;;;;;;;;;;;;;;;;;;;;;;;;;;;;
Answer;E3Q201_4;No;2;;;;;;;;;;;;;;;;;;;;;;;;;;;;;;;;;;;;;;;;;;;
Answer;E3Q201_5;Yes;1;;;;;;;;;;;;;;;;;;;;;;;;;;;;;;;;;;;;;;;;;;;
Answer;E3Q201_5;No;2;;;;;;;;;;;;;;;;;;;;;;;;;;;;;;;;;;;;;;;;;;;
Answer;E3Q202_1;Yes;1;;;;;;;;;;;;;;;;;;;;;;;;;;;;;;;;;;;;;;;;;;;
Answer;E3Q202_1;No;2;;;;;;;;;;;;;;;;;;;;;;;;;;;;;;;;;;;;;;;;;;;
Answer;E3Q202_2;Yes;1;;;;;;;;;;;;;;;;;;;;;;;;;;;;;;;;;;;;;;;;;;;
Answer;E3Q202_2;No;2;;;;;;;;;;;;;;;;;;;;;;;;;;;;;;;;;;;;;;;;;;;
Answer;E3Q202_3;Yes;1;;;;;;;;;;;;;;;;;;;;;;;;;;;;;;;;;;;;;;;;;;;
Answer;E3Q202_3;No;2;;;;;;;;;;;;;;;;;;;;;;;;;;;;;;;;;;;;;;;;;;;
Answer;E3Q202_4;Yes;1;;;;;;;;;;;;;;;;;;;;;;;;;;;;;;;;;;;;;;;;;;;
Answer;E3Q202_4;No;2;;;;;;;;;;;;;;;;;;;;;;;;;;;;;;;;;;;;;;;;;;;
Answer;E3Q202_5;Yes;1;;;;;;;;;;;;;;;;;;;;;;;;;;;;;;;;;;;;;;;;;;;
Answer;E3Q202_5;No;2;;;;;;;;;;;;;;;;;;;;;;;;;;;;;;;;;;;;;;;;;;;
Answer;E3Q250;Yes;1;;;;;;;;;;;;;;;;;;;;;;;;;;;;;;;;;;;;;;;;;;;
Answer;E3Q250;No;2;;;;;;;;;;;;;;;;;;;;;;;;;;;;;;;;;;;;;;;;;;;
Answer;E3Q251;Conducted mainly by internal staff;1;;;;;;;;;;;;;;;;;;;;;;;;;;;;;;;;;;;;;;;;;;;
Answer;E3Q251;Contracted mainly to external providers;2;;;;;;;;;;;;;;;;;;;;;;;;;;;;;;;;;;;;;;;;;;;
Answer;E3Q251;Both about equally;3;;;;;;;;;;;;;;;;;;;;;;;;;;;;;;;;;;;;;;;;;;;
Answer;E3Q252_1;Yes;1;;;;;;;;;;;;;;;;;;;;;;;;;;;;;;;;;;;;;;;;;;;
Answer;E3Q252_1;No;2;;;;;;;;;;;;;;;;;;;;;;;;;;;;;;;;;;;;;;;;;;;
Answer;E3Q252_2;Yes;1;;;;;;;;;;;;;;;;;;;;;;;;;;;;;;;;;;;;;;;;;;;
Answer;E3Q252_2;No;2;;;;;;;;;;;;;;;;;;;;;;;;;;;;;;;;;;;;;;;;;;;
Answer;E3Q252_3;Yes;1;;;;;;;;;;;;;;;;;;;;;;;;;;;;;;;;;;;;;;;;;;;
Answer;E3Q252_3;No;2;;;;;;;;;;;;;;;;;;;;;;;;;;;;;;;;;;;;;;;;;;;
Answer;E3Q252_4;Yes;1;;;;;;;;;;;;;;;;;;;;;;;;;;;;;;;;;;;;;;;;;;;
Answer;E3Q252_4;No;2;;;;;;;;;;;;;;;;;;;;;;;;;;;;;;;;;;;;;;;;;;;
Answer;E3Q252_5;Yes;1;;;;;;;;;;;;;;;;;;;;;;;;;;;;;;;;;;;;;;;;;;;
Answer;E3Q252_5;No;2;;;;;;;;;;;;;;;;;;;;;;;;;;;;;;;;;;;;;;;;;;;
Answer;E3Q252_6;Yes;1;;;;;;;;;;;;;;;;;;;;;;;;;;;;;;;;;;;;;;;;;;;
Answer;E3Q252_6;No;2;;;;;;;;;;;;;;;;;;;;;;;;;;;;;;;;;;;;;;;;;;;
Answer;E3Q256gr;2019;1;2019;2019;2019;2019;2019;2019;2019;2019;2019;2019;2019;2019;2019;2019;2019;2019;2019;2019;2019;2019;2019;2019;2019;2019;2019;2019;2019;2019;2019;2019;2019;2019;2019;2019;2019;2019;2019;2019;2019;2019;2019;2019;2019
Answer;E3Q256gr;2018;2;2018;2018;2018;2018;2018;2018;2018;2018;2018;2018;2018;2018;2018;2018;2018;2018;2018;2018;2018;2018;2018;2018;2018;2018;2018;2018;2018;2018;2018;2018;2018;2018;2018;2018;2018;2018;2018;2018;2018;2018;2018;2018;2018
Answer;E3Q256gr;2017;3;2017;2017;2017;2017;2017;2017;2017;2017;2017;2017;2017;2017;2017;2017;2017;2017;2017;2017;2017;2017;2017;2017;2017;2017;2017;2017;2017;2017;2017;2017;2017;2017;2017;2017;2017;2017;2017;2017;2017;2017;2017;2017;2017
Answer;E3Q256gr;2016;4;2016;2016;2016;2016;2016;2016;2016;2016;2016;2016;2016;2016;2016;2016;2016;2016;2016;2016;2016;2016;2016;2016;2016;2016;2016;2016;2016;2016;2016;2016;2016;2016;2016;2016;2016;2016;2016;2016;2016;2016;2016;2016;2016
Answer;E3Q256gr;2015;5;2015;2015;2015;2015;2015;2015;2015;2015;2015;2015;2015;2015;2015;2015;2015;2015;2015;2015;2015;2015;2015;2015;2015;2015;2015;2015;2015;2015;2015;2015;2015;2015;2015;2015;2015;2015;2015;2015;2015;2015;2015;2015;2015
Answer;E3Q256gr;Before 2015;6;преди 2015 г.;před rokem 2015;før 2015;vor 2015;vor 2015;vor 2015;vor 2015;πριν το 2015;πριν το 2015;before 2015;before 2015;before 2015;antes de 2015;enne 2015. aastat;ennen vuotta 2015;Avant 2015;Avant 2015;Avant 2015;Avant 2015;prije 2015.;2015 előtt;fyrir 2015;prima del 2015;prima del 2015;iki 2015 m.;virun 2015;pirms 2015. gada;пред 2015 година;qabel l-2015;vóór 2015;vóór 2015;før 2015;przed 2015 r.;antes de 2015;înainte de 2015;до 2015 г.;до 2015 г.;до 2015 г.;pred rokom 2015;pred letom 2015;pre 2015.;före 2015;före 2015
Answer;E3Q256gr;Don't know;7;;;;;;;;;;;;;;;;;;;;;;;;;;;;;;;;;;;;;;;;;;;
Answer;E3Q257;Yes;1;;;;;;;;;;;;;;;;;;;;;;;;;;;;;;;;;;;;;;;;;;;
Answer;E3Q257;No;2;;;;;;;;;;;;;;;;;;;;;;;;;;;;;;;;;;;;;;;;;;;
Answer;E3Q258;Yes;1;;;;;;;;;;;;;;;;;;;;;;;;;;;;;;;;;;;;;;;;;;;
Answer;E3Q258;That depends on the type of measures;2;;;;;;;;;;;;;;;;;;;;;;;;;;;;;;;;;;;;;;;;;;;
Answer;E3Q258;No;3;;;;;;;;;;;;;;;;;;;;;;;;;;;;;;;;;;;;;;;;;;;
Answer;E3Q260_1;Yes;1;;;;;;;;;;;;;;;;;;;;;;;;;;;;;;;;;;;;;;;;;;;
Answer;E3Q260_1;No;2;;;;;;;;;;;;;;;;;;;;;;;;;;;;;;;;;;;;;;;;;;;
Answer;E3Q260_2;Yes;1;;;;;;;;;;;;;;;;;;;;;;;;;;;;;;;;;;;;;;;;;;;
Answer;E3Q260_2;No;2;;;;;;;;;;;;;;;;;;;;;;;;;;;;;;;;;;;;;;;;;;;
Answer;E3Q260_3;Yes;1;;;;;;;;;;;;;;;;;;;;;;;;;;;;;;;;;;;;;;;;;;;
Answer;E3Q260_3;No;2;;;;;;;;;;;;;;;;;;;;;;;;;;;;;;;;;;;;;;;;;;;
Answer;E3Q260_4;Yes;1;;;;;;;;;;;;;;;;;;;;;;;;;;;;;;;;;;;;;;;;;;;
Answer;E3Q260_4;No;2;;;;;;;;;;;;;;;;;;;;;;;;;;;;;;;;;;;;;;;;;;;
Answer;E3Q262_1;Major reason;1;;;;;;;;;;;;;;;;;;;;;;;;;;;;;;;;;;;;;;;;;;;
Answer;E3Q262_1;Minor reason;2;;;;;;;;;;;;;;;;;;;;;;;;;;;;;;;;;;;;;;;;;;;
Answer;E3Q262_1;Not a reason;3;;;;;;;;;;;;;;;;;;;;;;;;;;;;;;;;;;;;;;;;;;;
Answer;E3Q262_2;Major reason;1;;;;;;;;;;;;;;;;;;;;;;;;;;;;;;;;;;;;;;;;;;;
Answer;E3Q262_2;Minor reason;2;;;;;;;;;;;;;;;;;;;;;;;;;;;;;;;;;;;;;;;;;;;
Answer;E3Q262_2;Not a reason;3;;;;;;;;;;;;;;;;;;;;;;;;;;;;;;;;;;;;;;;;;;;
Answer;E3Q262_3;Major reason;1;;;;;;;;;;;;;;;;;;;;;;;;;;;;;;;;;;;;;;;;;;;
Answer;E3Q262_3;Minor reason;2;;;;;;;;;;;;;;;;;;;;;;;;;;;;;;;;;;;;;;;;;;;
Answer;E3Q262_3;Not a reason;3;;;;;;;;;;;;;;;;;;;;;;;;;;;;;;;;;;;;;;;;;;;
Answer;E3Q262_4;Major reason;1;;;;;;;;;;;;;;;;;;;;;;;;;;;;;;;;;;;;;;;;;;;
Answer;E3Q262_4;Minor reason;2;;;;;;;;;;;;;;;;;;;;;;;;;;;;;;;;;;;;;;;;;;;
Answer;E3Q262_4;Not a reason;3;;;;;;;;;;;;;;;;;;;;;;;;;;;;;;;;;;;;;;;;;;;
Answer;E3Q262_5;Major reason;1;;;;;;;;;;;;;;;;;;;;;;;;;;;;;;;;;;;;;;;;;;;
Answer;E3Q262_5;Minor reason;2;;;;;;;;;;;;;;;;;;;;;;;;;;;;;;;;;;;;;;;;;;;
Answer;E3Q262_5;Not a reason;3;;;;;;;;;;;;;;;;;;;;;;;;;;;;;;;;;;;;;;;;;;;
Answer;E3Q263_1;Major difficulty;1;;;;;;;;;;;;;;;;;;;;;;;;;;;;;;;;;;;;;;;;;;;
Answer;E3Q263_1;Minor difficulty;2;;;;;;;;;;;;;;;;;;;;;;;;;;;;;;;;;;;;;;;;;;;
Answer;E3Q263_1;Not a difficulty;3;;;;;;;;;;;;;;;;;;;;;;;;;;;;;;;;;;;;;;;;;;;
Answer;E3Q263_2;Major difficulty;1;;;;;;;;;;;;;;;;;;;;;;;;;;;;;;;;;;;;;;;;;;;
Answer;E3Q263_2;Minor difficulty;2;;;;;;;;;;;;;;;;;;;;;;;;;;;;;;;;;;;;;;;;;;;
Answer;E3Q263_2;Not a difficulty;3;;;;;;;;;;;;;;;;;;;;;;;;;;;;;;;;;;;;;;;;;;;
Answer;E3Q263_3;Major difficulty;1;;;;;;;;;;;;;;;;;;;;;;;;;;;;;;;;;;;;;;;;;;;
Answer;E3Q263_3;Minor difficulty;2;;;;;;;;;;;;;;;;;;;;;;;;;;;;;;;;;;;;;;;;;;;
Answer;E3Q263_3;Not a difficulty;3;;;;;;;;;;;;;;;;;;;;;;;;;;;;;;;;;;;;;;;;;;;
Answer;E3Q263_4;Major difficulty;1;;;;;;;;;;;;;;;;;;;;;;;;;;;;;;;;;;;;;;;;;;;
Answer;E3Q263_4;Minor difficulty;2;;;;;;;;;;;;;;;;;;;;;;;;;;;;;;;;;;;;;;;;;;;
Answer;E3Q263_4;Not a difficulty;3;;;;;;;;;;;;;;;;;;;;;;;;;;;;;;;;;;;;;;;;;;;
Answer;E3Q263_5;Major difficulty;1;;;;;;;;;;;;;;;;;;;;;;;;;;;;;;;;;;;;;;;;;;;
Answer;E3Q263_5;Minor difficulty;2;;;;;;;;;;;;;;;;;;;;;;;;;;;;;;;;;;;;;;;;;;;
Answer;E3Q263_5;Not a difficulty;3;;;;;;;;;;;;;;;;;;;;;;;;;;;;;;;;;;;;;;;;;;;
Answer;E3Q263_6;Major difficulty;1;;;;;;;;;;;;;;;;;;;;;;;;;;;;;;;;;;;;;;;;;;;
Answer;E3Q263_6;Minor difficulty;2;;;;;;;;;;;;;;;;;;;;;;;;;;;;;;;;;;;;;;;;;;;
Answer;E3Q263_6;Not a difficulty;3;;;;;;;;;;;;;;;;;;;;;;;;;;;;;;;;;;;;;;;;;;;
Answer;E3Q263_7;Major difficulty;1;;;;;;;;;;;;;;;;;;;;;;;;;;;;;;;;;;;;;;;;;;;
Answer;E3Q263_7;Minor difficulty;2;;;;;;;;;;;;;;;;;;;;;;;;;;;;;;;;;;;;;;;;;;;
Answer;E3Q263_7;Not a difficulty;3;;;;;;;;;;;;;;;;;;;;;;;;;;;;;;;;;;;;;;;;;;;
Answer;E3Q300;Yes;1;;;;;;;;;;;;;;;;;;;;;;;;;;;;;;;;;;;;;;;;;;;
Answer;E3Q300;No;2;;;;;;;;;;;;;;;;;;;;;;;;;;;;;;;;;;;;;;;;;;;
Answer;E3Q301;Yes;1;;;;;;;;;;;;;;;;;;;;;;;;;;;;;;;;;;;;;;;;;;;
Answer;E3Q301;No;2;;;;;;;;;;;;;;;;;;;;;;;;;;;;;;;;;;;;;;;;;;;
Answer;E3Q302;Yes;1;;;;;;;;;;;;;;;;;;;;;;;;;;;;;;;;;;;;;;;;;;;
Answer;E3Q302;No;2;;;;;;;;;;;;;;;;;;;;;;;;;;;;;;;;;;;;;;;;;;;
Answer;E3Q304_1;Yes;1;;;;;;;;;;;;;;;;;;;;;;;;;;;;;;;;;;;;;;;;;;;
Answer;E3Q304_1;No;2;;;;;;;;;;;;;;;;;;;;;;;;;;;;;;;;;;;;;;;;;;;
Answer;E3Q304_2;Yes;1;;;;;;;;;;;;;;;;;;;;;;;;;;;;;;;;;;;;;;;;;;;
Answer;E3Q304_2;No;2;;;;;;;;;;;;;;;;;;;;;;;;;;;;;;;;;;;;;;;;;;;
Answer;E3Q304_3;Yes;1;;;;;;;;;;;;;;;;;;;;;;;;;;;;;;;;;;;;;;;;;;;
Answer;E3Q304_3;No;2;;;;;;;;;;;;;;;;;;;;;;;;;;;;;;;;;;;;;;;;;;;
Answer;E3Q304_4;Yes;1;;;;;;;;;;;;;;;;;;;;;;;;;;;;;;;;;;;;;;;;;;;
Answer;E3Q304_4;No;2;;;;;;;;;;;;;;;;;;;;;;;;;;;;;;;;;;;;;;;;;;;
Answer;E3Q304_5;Yes;1;;;;;;;;;;;;;;;;;;;;;;;;;;;;;;;;;;;;;;;;;;;
Answer;E3Q304_5;No;2;;;;;;;;;;;;;;;;;;;;;;;;;;;;;;;;;;;;;;;;;;;
Answer;E3Q305;Yes;1;;;;;;;;;;;;;;;;;;;;;;;;;;;;;;;;;;;;;;;;;;;
Answer;E3Q305;Partly;2;;;;;;;;;;;;;;;;;;;;;;;;;;;;;;;;;;;;;;;;;;;
Answer;E3Q305;No;3;;;;;;;;;;;;;;;;;;;;;;;;;;;;;;;;;;;;;;;;;;;
Answer;E3Q306;Yes;1;;;;;;;;;;;;;;;;;;;;;;;;;;;;;;;;;;;;;;;;;;;
Answer;E3Q306;No;2;;;;;;;;;;;;;;;;;;;;;;;;;;;;;;;;;;;;;;;;;;;
Answer;E3Q307;Easier;1;По-лесно;Jednodušší;Lettere;Einfacher;Einfacher;Einfacher;Einfacher;Πιο εύκολο;Πιο εύκολο;Easier;Easier;Easier;Más fáciles de abordar;Lihtsam;Helpompaa;Plus faciles;Plus faciles;Plus faciles;Plus faciles;Lakše;Könnyebb;Auðveldara;Più facile;Più facile;Lengviau;Méi einfach;Vieglāk novēršami;Полесно;Aktar faċli;Makkelijker;Gemakkelijker;Enklere;Łatwiejsze;Mais fáceis;Mai simplă;Легче;Легче;Легче;Ľahšie;Lažje;Lakši;Lättare;Lättare
Answer;E3Q307;No big difference ;2;Няма голяма разлика;Není velký rozdíl ;Ikke den store forskel;Kein großer Unterschied;Kein großer Unterschied;Kein großer Unterschied;Kein grosser Unterschied;Δεν υπάρχει μεγάλη διαφορά;Δεν υπάρχει μεγάλη διαφορά;No big difference;No big difference;No big difference;No hay grandes diferencias;Ei ole suurt erinevust;Ei paljonkaan eroa;Pas de grande différence;Pas de grande différence;Pas de grande différence;Pas de grande différence;Nema velike razlike;Nincs nagy különbség;Enginn stór munur;Non c’è grande differenza;Non c'è grande differenza;Nėra didelio skirtumo;Kee groussen Ënnerscheed;Nav lielas atšķirības;Нема голема разлика;M’hemmx differenza kbira;Geen groot verschil;Geen groot verschil;Ingen stor forskjell;Nie ma wielkiej różnicy;Não existe uma grande diferença;Nu există o mare diferență;Особой разницы нет;Особой разницы нет;Особой разницы нет;Žiadny veľký rozdiel;Ni velike razlike;Nema velike razlike;Ingen större skillnad;Ingen större skillnad
Answer;E3Q307;More difficult;3;По-трудно;Náročnější;Sværere;Schwieriger;Schwieriger;Schwieriger;Schwieriger;Πιο δύσκολο;Πιο δύσκολο;More difficult;More difficult;More difficult;Más difíciles de abordar;Keerulisem;Vaikeampaa;Plus difficiles;Plus difficiles;Plus difficiles;Plus difficiles;Teže;Nehezebb;Erfiðara;Più difficile;Più difficile;Sunkiau;Méi schwéier;Grūtāk novēršami;Потешко;Aktar diffiċli;Moeilijker;Moeilijker;Vanskeligere;Trudniejsze;Mais difíceis;Mai dificilă;Сложнее;Сложнее;Сложнее;Ťažšie;Težje;Teži;Svårare;Svårare
Answer;E3Q307;Don’t know;4;;;;;;;;;;;;;;;;;;;;;;;;;;;;;;;;;;;;;;;;;;;
Answer;E3Q308_1;Yes;1;;;;;;;;;;;;;;;;;;;;;;;;;;;;;;;;;;;;;;;;;;;
Answer;E3Q308_1;No;2;;;;;;;;;;;;;;;;;;;;;;;;;;;;;;;;;;;;;;;;;;;
Answer;E3Q308_2;Yes;1;;;;;;;;;;;;;;;;;;;;;;;;;;;;;;;;;;;;;;;;;;;
Answer;E3Q308_2;No;2;;;;;;;;;;;;;;;;;;;;;;;;;;;;;;;;;;;;;;;;;;;
Answer;E3Q308_3;Yes;1;;;;;;;;;;;;;;;;;;;;;;;;;;;;;;;;;;;;;;;;;;;
Answer;E3Q308_3;No;2;;;;;;;;;;;;;;;;;;;;;;;;;;;;;;;;;;;;;;;;;;;
Answer;E3Q308_4;Yes;1;;;;;;;;;;;;;;;;;;;;;;;;;;;;;;;;;;;;;;;;;;;
Answer;E3Q308_4;No;2;;;;;;;;;;;;;;;;;;;;;;;;;;;;;;;;;;;;;;;;;;;
Answer;E3Q309;Yes;1;;;;;;;;;;;;;;;;;;;;;;;;;;;;;;;;;;;;;;;;;;;
Answer;E3Q309;No;2;;;;;;;;;;;;;;;;;;;;;;;;;;;;;;;;;;;;;;;;;;;
Answer;E3Q310_1;Yes;1;;;;;;;;;;;;;;;;;;;;;;;;;;;;;;;;;;;;;;;;;;;
Answer;E3Q310_1;No;2;;;;;;;;;;;;;;;;;;;;;;;;;;;;;;;;;;;;;;;;;;;
Answer;E3Q310_2;Yes;1;;;;;;;;;;;;;;;;;;;;;;;;;;;;;;;;;;;;;;;;;;;
Answer;E3Q310_2;No;2;;;;;;;;;;;;;;;;;;;;;;;;;;;;;;;;;;;;;;;;;;;
Answer;E3Q310_3;Yes;1;;;;;;;;;;;;;;;;;;;;;;;;;;;;;;;;;;;;;;;;;;;
Answer;E3Q310_3;No;2;;;;;;;;;;;;;;;;;;;;;;;;;;;;;;;;;;;;;;;;;;;
Answer;E3Q310_4;Yes;1;;;;;;;;;;;;;;;;;;;;;;;;;;;;;;;;;;;;;;;;;;;
Answer;E3Q310_4;No;2;;;;;;;;;;;;;;;;;;;;;;;;;;;;;;;;;;;;;;;;;;;
Answer;E3Q310_5;Yes;1;;;;;;;;;;;;;;;;;;;;;;;;;;;;;;;;;;;;;;;;;;;
Answer;E3Q310_5;No;2;;;;;;;;;;;;;;;;;;;;;;;;;;;;;;;;;;;;;;;;;;;
Answer;E3Q310_6;Yes;1;;;;;;;;;;;;;;;;;;;;;;;;;;;;;;;;;;;;;;;;;;;
Answer;E3Q310_6;No;2;;;;;;;;;;;;;;;;;;;;;;;;;;;;;;;;;;;;;;;;;;;
Answer;E3Q311;Yes;1;;;;;;;;;;;;;;;;;;;;;;;;;;;;;;;;;;;;;;;;;;;
Answer;E3Q311;No;2;;;;;;;;;;;;;;;;;;;;;;;;;;;;;;;;;;;;;;;;;;;
Answer;E3Q312_1;Yes;1;;;;;;;;;;;;;;;;;;;;;;;;;;;;;;;;;;;;;;;;;;;
Answer;E3Q312_1;No;2;;;;;;;;;;;;;;;;;;;;;;;;;;;;;;;;;;;;;;;;;;;
Answer;E3Q312_2;Yes;1;;;;;;;;;;;;;;;;;;;;;;;;;;;;;;;;;;;;;;;;;;;
Answer;E3Q312_2;No;2;;;;;;;;;;;;;;;;;;;;;;;;;;;;;;;;;;;;;;;;;;;
Answer;E3Q312_3;Yes;1;;;;;;;;;;;;;;;;;;;;;;;;;;;;;;;;;;;;;;;;;;;
Answer;E3Q312_3;No;2;;;;;;;;;;;;;;;;;;;;;;;;;;;;;;;;;;;;;;;;;;;
Answer;E3Q312_4;Yes;1;;;;;;;;;;;;;;;;;;;;;;;;;;;;;;;;;;;;;;;;;;;
Answer;E3Q312_4;No;2;;;;;;;;;;;;;;;;;;;;;;;;;;;;;;;;;;;;;;;;;;;
Answer;E3Q312_5;Yes;1;;;;;;;;;;;;;;;;;;;;;;;;;;;;;;;;;;;;;;;;;;;
Answer;E3Q312_5;No;2;;;;;;;;;;;;;;;;;;;;;;;;;;;;;;;;;;;;;;;;;;;
Answer;E3Q312_6;Yes;1;;;;;;;;;;;;;;;;;;;;;;;;;;;;;;;;;;;;;;;;;;;
Answer;E3Q312_6;No;2;;;;;;;;;;;;;;;;;;;;;;;;;;;;;;;;;;;;;;;;;;;
Answer;E3Q312_7;Yes;1;;;;;;;;;;;;;;;;;;;;;;;;;;;;;;;;;;;;;;;;;;;
Answer;E3Q312_7;No;2;;;;;;;;;;;;;;;;;;;;;;;;;;;;;;;;;;;;;;;;;;;
Answer;E3Q312_8;Yes;1;;;;;;;;;;;;;;;;;;;;;;;;;;;;;;;;;;;;;;;;;;;
Answer;E3Q312_8;No;2;;;;;;;;;;;;;;;;;;;;;;;;;;;;;;;;;;;;;;;;;;;
Answer;E3Q350_1;Yes;1;;;;;;;;;;;;;;;;;;;;;;;;;;;;;;;;;;;;;;;;;;;
Answer;E3Q350_1;No;2;;;;;;;;;;;;;;;;;;;;;;;;;;;;;;;;;;;;;;;;;;;
Answer;E3Q350_2;Yes;1;;;;;;;;;;;;;;;;;;;;;;;;;;;;;;;;;;;;;;;;;;;
Answer;E3Q350_2;No;2;;;;;;;;;;;;;;;;;;;;;;;;;;;;;;;;;;;;;;;;;;;
Answer;E3Q350_3;Yes;1;;;;;;;;;;;;;;;;;;;;;;;;;;;;;;;;;;;;;;;;;;;
Answer;E3Q350_3;No;2;;;;;;;;;;;;;;;;;;;;;;;;;;;;;;;;;;;;;;;;;;;
Answer;E3Q350_4;Yes;1;;;;;;;;;;;;;;;;;;;;;;;;;;;;;;;;;;;;;;;;;;;
Answer;E3Q350_4;No;2;;;;;;;;;;;;;;;;;;;;;;;;;;;;;;;;;;;;;;;;;;;
Answer;E3Q351;Elected by the employees;1;Избират се от работниците и служителите;Voleni zaměstnanci;Valgt af medarbejderne;Von den Beschäftigten gewählt;Von den Beschäftigten gewählt;Von den Beschäftigten gewählt;Von den Beschäftigten gewählt;Εκλέγονται από τους εργαζομένους;Εκλέγονται από τους εργαζομένους;Elected by the employees;Elected by the employees;Elected by the employees;Elegidos por los trabajadores;Valivad töötajad;Työntekijät valitsevat;Élus par les employés;Élus par les employés;Élus par les salariés;Élus par les employés;Biraju zaposlenici;A munkavállalók választják meg;Kosnir af starfsfólkinu;Eletti dai lavoratori;Eletti dai lavoratori;Renka darbuotojai;Vun de Mataarbechter gewielt;Ievēl darbinieki;Ги избираат вработените;Eletti mill-impjegati;Gekozen door de werknemers;Verkozen door de werknemers;Valgt av arbeidstakerne;Wybierani przez pracowników;Eleitos pelos trabalhadores;Aleși de angajați;Выбираются сотрудниками;Выбираются сотрудниками;Выбираются сотрудниками;Volia ich zamestnanci;Izvolijo jih zaposleni;Biraju ih zaposleni;Väljs  av medarbetarna;Valda  av medarbetarna
Answer;E3Q351;Selected by the employer;2;Назначавани от работодателя;Vybíráni zaměstnavatelem;Udpeget af arbejdsgiveren;Vom Arbeitgeber ausgesucht;Vom Arbeitgeber bestimmt;Vom Arbeitgeber bestimmt;Vom Arbeitgeber bestimmt;Επιλέγονται από τον εργοδότη;Επιλέγονται από τον εργοδότη;Selected by the employer;Selected by the employer;Selected by the employer;Seleccionados por el empleador;Valib tööandja;Työnantaja valitsee;Choisis par l'employeur;Désignés par l'employeur;Désignés par l'employeur;Désignés par l'employeur;Odabire poslodavac;A munkaadó jelöli ki;Valdir af vinnuveitandanum;Scelti dal datore di lavoro;Scelti dal datore di lavoro;Paskiria darbdavys;Vum Patron ernannt;Izvēlas darba devējs;Ги определува работодавачот;Magħżula minn min iħaddem;Geselecteerd door de werkgever;Geselecteerd door de werkgever;Valgt av arbeidsgiver;Wskazywani przez pracodawcę;Escolhidos pelo empregador;Selectați de angajator;Назначаются работодателем;Назначаются работодателем;Назначаются работодателем;Vyberá ich zamestnávateľ;Izbere jih delodajalec;Bira ih poslodavac;Utses av den fackliga organisationen;Utsedda av arbetsgivaren
Answer;E3Q351;Partly elected by employees, partly selected by employer;3;Отчасти се избират от работниците и служителите, отчасти се назначават от работодателя  ;Částečně voleni zaměstnanci, částečně vybíráni zaměstnavatelem  ;Delvist valgt af medarbejderne, delvist udpeget af arbejdsgiveren  ;Teils von den Beschäftigten gewählt, teils vom Arbeitgeber ausgesucht;Teils von den Beschäftigten gewählt, teils vom Arbeitgeber bestimmt;Teils von den Beschäftigten gewählt, teils vom Arbeitgeber bestimmt  ;Teils von den Beschäftigten gewählt, teils vom Arbeitgeber bestimmt  ;Εν μέρει εκλέγονται από τους εργαζομένους και εν μέρει επιλέγονται από τον εργοδότη  ;Εν μέρει εκλέγονται από τους εργαζομένους και εν μέρει επιλέγονται από τον εργοδότη  ;Partly elected by employees, partly selected by employer  ;Partly elected by employees, partly selected by employer  ;Partly elected by employees, partly selected by employer  ;En parte elegidos por los trabajadores, en parte seleccionados por el empleador;Osaliselt valivad töötajad, osaliselt valib tööandja  ;Osittain työntekijät valitsevat ja osittain työnantaja valitsee;Partiellement élus par les employés, partiellement choisis par les employeurs;Partiellement élus par les employés, partiellement choisis par les employeurs;Partiellement élus par les salariés, partiellement choisis par les employeurs;Partiellement élus par les employés, partiellement choisis par les employeurs;Dijelom biraju zaposlenici, dijelom odabire poslodavac  ;Részben a munkavállalók választják meg, részben a munkaadó jelöli ki  ;Að hluta til kosnir af starfsfólkinu, að hluta til valdir af vinnuveitandanum  ;In parte eletti dai lavoratori, in parte scelti dal datore di lavoro;In parte eletti dai lavoratori, in parte scelti dal datore di lavoro  ;Iš dalies renka darbuotojai, iš dalies paskiria darbdavys  ;Deelweis vun de Mataarbechter gewielt, deelweis vum Patron ernannt  ;Daļēji ievēl darbinieki, daļēji izvēlas darba devējs  ;   Делумно се избрани од вработените, делумно се определени од работодавачот;   Parzjalment eletti mill-impjegati, parzjalment magħżula minn min iħaddem;Deels gekozen door werknemers, deels geselecteerd door werkgever  ;Gedeeltelijk verkozen door werknemers, gedeeltelijk geselecteerd door de werkgever  ;Delvis valgt av arbeidstakerne, delvis valgt av arbeidsgiver  ;Częściowo wybierani przez pracowników, częściowo wskazywani przez pracodawcę  ;Em parte eleitos pelos trabalhadores, em parte escolhidos pelo empregador  ;Parțial aleși de angajați, parțial selectați de angajator  ;Частично выбираются сотрудниками, частично назначаются работодателем  ;Частично выбираются сотрудниками, частично назначаются работодателем  ;Частично выбираются сотрудниками, частично назначаются работодателем  ;   Niektorých volia zamestnanci, niektorých vyberá zamestnávateľ;   Delno jih izvolijo zaposleni, delno jih izbere delodajalec;Delimično izabrani od strane zaposlenih, delimično izabrani od strane poslodavca  ;Delvis facket och delvis medarbetarna  ;Dels valda av medarbetarna, dels utsedda av arbetsgivaren  
Answer;E3Q352;Regularly;1;Редовно;Pravidelně;Regelmæssigt;Regelmäßig;Regelmäßig;Regelmäßig;Regelmässig;Τακτικά;Τακτικά;Regularly;Regularly;Regularly;Habitualmente;Regulaarselt;Säännöllisesti;Régulièrement;Régulièrement;Régulièrement;Régulièrement;Redovito;Rendszeresen;Reglulega;Regolarmente;Regolarmente;Reguliariai;Regelméisseg;Regulāri;Редовно;Regolarment;Regelmatig;Regelmatig;Jevnlig;Regularnie;Regularmente;Cu regularitate;Регулярно;Регулярно;Регулярно;Pravidelne;Redno;Redovno;Regelbundet;Regelbundet
Answer;E3Q352;Occasionally;2;От време на време;Příležitostně;Ind imellem;Manchmal;Manchmal;Manchmal;Gelegentlich;Περιστασιακά;Περιστασιακά;Occasionally;Occasionally;Occasionally;Ocasionalmente;Vahetevahel;Silloin tällöin;Occasionnellement;Occasionnellement;Occasionnellement;Occasionnellement;Povremeno;Alkalmanként;Af og til;Saltuariamente;Saltuariamente;Kartais;Heiansdo;Reizēm;Повремено;Xi kultant;Af en toe;Af en toe;Sporadisk;Od czasu do czasu;Ocasionalmente;Ocazional;От случая к случаю;От случая к случаю;От случая к случаю;Príležitostne;Občasno;Ponekad;Ibland;Ibland
Answer;E3Q352;Practically never;3;Практически никога;Prakticky nikdy;Praktisk talt aldrig;So gut wie nie;So gut wie nie;So gut wie nie;So gut wie nie;Ουσιαστικά ποτέ;Σχεδόν ποτέ;Practically never;Practically never;Practically never;Casi nunca;Peaaegu mitte kunagi;Tuskin koskaan;Presque jamais;Presque jamais;Presque jamais;Presque jamais;Gotovo nikad;Gyakorlatilag soha;Næstum aldrei;Praticamente mai;Praticamente mai;Beveik niekada;Praktesch ni;Praktiski nekad;Речиси никогаш;Prattikament qatt;Vrijwel nooit;Vrijwel nooit;Praktisk talt aldri;Prawie nigdy;Praticamente nunca;Practic niciodată;Практически никогда;Практически никогда;Практически никогда;Prakticky nikdy;Tako rekoč nikoli;Praktično nikada;Praktiskt taget aldrig;Praktiskt taget aldrig
Answer;E3Q353;Often;1;;;;;;;;;;;;;;;;;;;;;;;;;;;;;;;;;;;;;;;;;;;
Answer;E3Q353;Sometimes;2;;;;;;;;;;;;;;;;;;;;;;;;;;;;;;;;;;;;;;;;;;;
Answer;E3Q353;Practically never;3;;;;;;;;;;;;;;;;;;;;;;;;;;;;;;;;;;;;;;;;;;;
Answer;E3Q354;Yes;1;;;;;;;;;;;;;;;;;;;;;;;;;;;;;;;;;;;;;;;;;;;
Answer;E3Q354;Yes, but only some of them;2;;;;;;;;;;;;;;;;;;;;;;;;;;;;;;;;;;;;;;;;;;;
Answer;E3Q354;No;3;;;;;;;;;;;;;;;;;;;;;;;;;;;;;;;;;;;;;;;;;;;
Answer;E3Q355_1;Yes;1;;;;;;;;;;;;;;;;;;;;;;;;;;;;;;;;;;;;;;;;;;;
Answer;E3Q355_1;No;2;;;;;;;;;;;;;;;;;;;;;;;;;;;;;;;;;;;;;;;;;;;
Answer;E3Q355_2;Yes;1;;;;;;;;;;;;;;;;;;;;;;;;;;;;;;;;;;;;;;;;;;;
Answer;E3Q355_2;No;2;;;;;;;;;;;;;;;;;;;;;;;;;;;;;;;;;;;;;;;;;;;
Answer;E3Q355_3;Yes;1;;;;;;;;;;;;;;;;;;;;;;;;;;;;;;;;;;;;;;;;;;;
Answer;E3Q355_3;No;2;;;;;;;;;;;;;;;;;;;;;;;;;;;;;;;;;;;;;;;;;;;
Answer;E3Q355_4;Yes;1;;;;;;;;;;;;;;;;;;;;;;;;;;;;;;;;;;;;;;;;;;;
Answer;E3Q355_4;No;2;;;;;;;;;;;;;;;;;;;;;;;;;;;;;;;;;;;;;;;;;;;
Answer;E3Q355_5;Yes;1;;;;;;;;;;;;;;;;;;;;;;;;;;;;;;;;;;;;;;;;;;;
Answer;E3Q355_5;No;2;;;;;;;;;;;;;;;;;;;;;;;;;;;;;;;;;;;;;;;;;;;
Answer;E3Q355_6;Yes;1;;;;;;;;;;;;;;;;;;;;;;;;;;;;;;;;;;;;;;;;;;;
Answer;E3Q355_6;No;2;;;;;;;;;;;;;;;;;;;;;;;;;;;;;;;;;;;;;;;;;;;
Answer;E3Q357;Regularly;1;Редовно;Pravidelně;Regelmæssigt;Regelmäßig;Regelmäßig;Regelmäßig;Regelmässig;Τακτικά;Τακτικά;Regularly;Regularly;Regularly;Habitualmente;Regulaarselt;Säännöllisesti;Régulièrement;Régulièrement;Régulièrement;Régulièrement;Redovito;Rendszeresen;Reglulega;Regolarmente;Regolarmente;Reguliariai;Regelméisseg;Regulāri;Редовно;Regolarment;Regelmatig;Regelmatig;Jevnlig;Regularnie;Regularmente;Cu regularitate;Регулярно;Регулярно;Регулярно;Pravidelne;Redno;Redovno;Regelbundet;Regelbundet
Answer;E3Q357;Occasionally;2;От време на време;Příležitostně;Ind imellem;Manchmal;Manchmal;Manchmal;Gelegentlich;Περιστασιακά;Περιστασιακά;Occasionally;Occasionally;Occasionally;Ocasionalmente;Vahetevahel;Silloin tällöin;Occasionnellement;Occasionnellement;Occasionnellement;Occasionnellement;Povremeno;Alkalmanként;Af og til;Saltuariamente;Saltuariamente;Kartais;Heiansdo;Reizēm;Повремено;Xi kultant;Af en toe;Af en toe;Sporadisk;Od czasu do czasu;Ocasionalmente;Ocazional;От случая к случаю;От случая к случаю;От случая к случаю;Príležitostne;Občasno;Ponekad;Ibland;Ibland
Answer;E3Q357;Practically never;3;Практически никога;Prakticky nikdy;Praktisk talt aldrig;So gut wie nie;So gut wie nie;So gut wie nie;So gut wie nie;Ουσιαστικά ποτέ;Σχεδόν ποτέ;Practically never;Practically never;Practically never;Casi nunca;Peaaegu mitte kunagi;Tuskin koskaan;Presque jamais;Presque jamais;Presque jamais;Presque jamais;Gotovo nikad;Gyakorlatilag soha;Næstum aldrei;Praticamente mai;Praticamente mai;Beveik niekada;Praktesch ni;Praktiski nekad;Речиси никогаш;Prattikament qatt;Vrijwel nooit;Vrijwel nooit;Praktisk talt aldri;Prawie nigdy;Praticamente nunca;Practic niciodată;Практически никогда;Практически никогда;Практически никогда;Prakticky nikdy;Tako rekoč nikoli;Praktično nikada;Praktiskt taget aldrig;Praktiskt taget aldrig
