Language|##|Name_1|##|Name_2|##|comments|##|Order
EN|##|OSH Management|##|OSH Management|##|no change|##|1
EN|##|Use of health and safety services|##|Use of health and safety services|##|no change|##|2
EN|##|Measures for health promotion among employees|##|Measures for health promotion among employees|##|no change|##|10
EN|##|Risk factors present in the establishment|##|Risk factors present in the establishment|##|no change|##|17
BG|##|Превантивни мерки|##|Превантивни мерки|##|new|##|28
CS|##|Preventivní opatření|##|Preventivní opatření|##|new|##|28
DA|##|Forebyggende foranstaltninger|##|Forebyggende foranstaltninger|##|new|##|28
DE|##|Vorbeugungmaßnahmen|##|Vorbeugungmaßnahmen|##|new|##|28
DE_1|##|Vorbeugungmaßnahmen|##|Vorbeugungmaßnahmen|##|new|##|28
DE_2|##|Vorbeugungmaßnahmen|##|Vorbeugungmaßnahmen|##|new|##|28
DE_3|##|Vorbeugungmassnahmen|##|Vorbeugungmassnahmen|##|new|##|28
EL|##|Προληπτικά μέτρα|##|Προληπτικά μέτρα|##|new|##|28
EL_1|##|Προληπτικά μέτρα|##|Προληπτικά μέτρα|##|new|##|28
EN|##|Preventive measures|##|Preventive measures|##|new|##|28
EN_1|##|Preventive measures|##|Preventive measures|##|new|##|28
EN_2|##|Preventive measures|##|Preventive measures|##|new|##|28
ES|##|Medidas preventivas|##|Medidas preventivas|##|new|##|28
ET|##|Ennetusmeetmed|##|Ennetusmeetmed|##|new|##|28
FI|##|Ehkäisevät toimenpiteet|##|Ehkäisevät toimenpiteet|##|new|##|28
FR|##|Mesures préventives|##|Mesures préventives|##|new|##|28
FR_1|##|Mesures préventives|##|Mesures préventives|##|new|##|28
FR_2|##|Mesures préventives|##|Mesures préventives|##|new|##|28
FR_3|##|Mesures préventives|##|Mesures préventives|##|new|##|28
HR|##|Preventivne mjere|##|Preventivne mjere|##|new|##|28
HU|##|Megelőzésére irányuló intézkedések|##|Megelőzésére irányuló intézkedések|##|new|##|28
IS|##|Fyrirbyggjandi ráðstafanir|##|Fyrirbyggjandi ráðstafanir|##|new|##|28
IT|##|Misure preventive|##|Misure preventive|##|new|##|28
IT_1|##|Misure preventive|##|Misure preventive|##|new|##|28
LT|##|Prevencinės priemonės|##|Prevencinės priemonės|##|new|##|28
LU|##|Präventivmoossname|##|Präventivmoossname|##|new|##|28
LV|##|Preventīvi pasākumi|##|Preventīvi pasākumi|##|new|##|28
MK|##|Превентивни мерки|##|Превентивни мерки|##|new|##|28
MT|##|Miżuri preventivi|##|Miżuri preventivi|##|new|##|28
NL|##|Preventieve maatregelen|##|Preventieve maatregelen|##|new|##|28
NL_1|##|Preventieve maatregelen|##|Preventieve maatregelen|##|new|##|28
NO|##|Forebyggende tiltak|##|Forebyggende tiltak|##|new|##|28
PL|##|Środki zapobiegawcze|##|Środki zapobiegawcze|##|new|##|28
PT|##|Medidas preventivas|##|Medidas preventivas|##|new|##|28
RO|##|Măsuri preventive|##|Măsuri preventive|##|new|##|28
RU_1|##|Профилактические меры|##|Профилактические меры|##|new|##|28
RU_2|##|Профилактические меры|##|Профилактические меры|##|new|##|28
RU_3|##|Профилактические меры|##|Профилактические меры|##|new|##|28
SK|##|Preventívne opatrenia|##|Preventívne opatrenia|##|new|##|28
SL|##|Preventivni ukrepi|##|Preventivni ukrepi|##|new|##|28
SR|##|Preventivne mere|##|Preventivne mere|##|new|##|28
SV|##|Förebyggande åtgärder|##|Förebyggande åtgärder|##|new|##|28
SV_1|##|Förebyggande åtgärder|##|Förebyggande åtgärder|##|new|##|28
EN|##|Aspects evaluated in the workplace risk assessments|##|Aspects evaluated in the workplace risk assessments|##|no change|##|36
EN|##|Reasons why workplace risk assessments are not carried out regularly|##|Reasons why workplace risk assessments are not carried out regularly|##|no change|##|45
EN|##|Training for employees|##|Training for employees|##|no change|##|50
EN|##|Drivers and barriers|##|Drivers and barriers|##|no change|##|57
EN|##|Psychosocial risk factors present in the establishment|##|Psychosocial risk factors present in the establishment|##|no change|##|58
EN|##|Measures to prevent psychosocial risks in the last three years|##|Measures to prevent psychosocial risks in the last three years|##|no change|##|67
BG|##|Цифрови технологии на работното място|##|Цифрови технологии на работното място|##|new|##|74
CS|##|Digitální technologie na pracovišti|##|Digitální technologie na pracovišti|##|new|##|74
DA|##|Digitale teknologier på arbejdspladsen|##|Digitale teknologier på arbejdspladsen|##|new|##|74
DE|##|Einsatz digitaler Technologien bei der Arbeit|##|Einsatz digitaler Technologien bei der Arbeit|##|new|##|74
DE_1|##|Einsatz digitaler Technologien bei der Arbeit|##|Einsatz digitaler Technologien bei der Arbeit|##|new|##|74
DE_2|##|Einsatz digitaler Technologien bei der Arbeit|##|Einsatz digitaler Technologien bei der Arbeit|##|new|##|74
DE_3|##|Einsatz digitaler Technologien bei der Arbeit|##|Einsatz digitaler Technologien bei der Arbeit|##|new|##|74
EL|##|Ψηφιακές τεχνολογίες στην εργασία|##|Ψηφιακές τεχνολογίες στην εργασία|##|new|##|74
EL_1|##|Ψηφιακές τεχνολογίες στην εργασία|##|Ψηφιακές τεχνολογίες στην εργασία|##|new|##|74
EN|##|Digital technologies at work|##|Digital technologies at work|##|new|##|74
EN_1|##|Digital technologies at work|##|Digital technologies at work|##|new|##|74
EN_2|##|Digital technologies at work|##|Digital technologies at work|##|new|##|74
ES|##|Tecnologías digitales en el trabajo|##|Tecnologías digitales en el trabajo|##|new|##|74
ET|##|Digitaaltehnoloogiad töökohas|##|Digitaaltehnoloogiad töökohas|##|new|##|74
FI|##|Digitaaliteknologia työssä|##|Digitaaliteknologia työssä|##|new|##|74
FR|##|Technologies numériques au travail|##|Technologies numériques au travail|##|new|##|74
FR_1|##|Technologies numériques au travail|##|Technologies numériques au travail|##|new|##|74
FR_2|##|Technologies numériques au travail|##|Technologies numériques au travail|##|new|##|74
FR_3|##|Technologies numériques au travail|##|Technologies numériques au travail|##|new|##|74
HR|##|Digitalne tehnologije na radu|##|Digitalne tehnologije na radu|##|new|##|74
HU|##|Digitális technológiák a munkahelyen|##|Digitális technológiák a munkahelyen|##|new|##|74
IS|##|Stafræn tækni í vinnunni|##|Stafræn tækni í vinnunni|##|new|##|74
IT|##|Tecnologie digitali sul posto di lavoro|##|Tecnologie digitali sul posto di lavoro|##|new|##|74
IT_1|##|Tecnologie digitali sul posto di lavoro|##|Tecnologie digitali sul posto di lavoro|##|new|##|74
LT|##|Skaitmeninės technologijos darbe|##|Skaitmeninės technologijos darbe|##|new|##|74
LU|##|Digital Technologien op der Aarbecht|##|Digital Technologien op der Aarbecht|##|new|##|74
LV|##|Digitālās tehnoloģijas darbā|##|Digitālās tehnoloģijas darbā|##|new|##|74
MK|##|Дигитални технологии во работењето|##|Дигитални технологии во работењето|##|new|##|74
MT|##|Teknoloġiji diġitali fuq il-post tax-xogħol|##|Teknoloġiji diġitali fuq il-post tax-xogħol|##|new|##|74
NL|##|Digitale technologieën op het werk|##|Digitale technologieën op het werk|##|new|##|74
NL_1|##|Digitale technologieën op het werk|##|Digitale technologieën op het werk|##|new|##|74
NO|##|Digitale teknologier i arbeidet|##|Digitale teknologier i arbeidet|##|new|##|74
PL|##|Technologie cyfrowe w pracy|##|Technologie cyfrowe w pracy|##|new|##|74
PT|##|Tecnologias digitais no trabalho|##|Tecnologias digitais no trabalho|##|new|##|74
RO|##|Tehnologiile digitale la locul de muncă|##|Tehnologiile digitale la locul de muncă|##|new|##|74
RU_1|##|Цифровые технологии на работе|##|Цифровые технологии на работе|##|new|##|74
RU_2|##|Цифровые технологии на работе|##|Цифровые технологии на работе|##|new|##|74
RU_3|##|Цифровые технологии на работе|##|Цифровые технологии на работе|##|new|##|74
SK|##|Digitálne technológie v práci|##|Digitálne technológie v práci|##|new|##|74
SL|##|Digitalne tehnologije pri delu|##|Digitalne tehnologije pri delu|##|new|##|74
SR|##|Digitalne tehnologije na poslu|##|Digitalne tehnologije na poslu|##|new|##|74
SV|##|Digitala tekniker på arbetsplatsen|##|Digitala tekniker på arbetsplatsen|##|new|##|74
SV_1|##|Digitala tekniker på arbetsplatsen|##|Digitala tekniker på arbetsplatsen|##|new|##|74
BG|##|Евентуални въздействия върху здравето и безопасността|##|Евентуални въздействия върху здравето и безопасността|##|new|##|82
CS|##|Případné vlivy na bezpečnost a ochranu zdraví|##|Případné vlivy na bezpečnost a ochranu zdraví|##|new|##|82
DA|##|Mulige påvirkninger på arbejdsmiljøet|##|Mulige påvirkninger på arbejdsmiljøet|##|new|##|82
DE|##|Mögliche Auswirkungen auf die Sicherheit und Gesundheit|##|Mögliche Auswirkungen auf die Sicherheit und Gesundheit|##|new|##|82
DE_1|##|Mögliche Auswirkungen auf die Sicherheit und Gesundheit|##|Mögliche Auswirkungen auf die Sicherheit und Gesundheit|##|new|##|82
DE_2|##|Mögliche Auswirkungen auf die Sicherheit und Gesundheit|##|Mögliche Auswirkungen auf die Sicherheit und Gesundheit|##|new|##|82
DE_3|##|Mögliche Auswirkungen auf die Sicherheit und Gesundheit|##|Mögliche Auswirkungen auf die Sicherheit und Gesundheit|##|new|##|82
EL|##|Πιθανές επιπτώσεις στην υγεία και την ασφάλεια|##|Πιθανές επιπτώσεις στην υγεία και την ασφάλεια|##|new|##|82
EL_1|##|Πιθανές επιπτώσεις στην υγεία και την ασφάλεια|##|Πιθανές επιπτώσεις στην υγεία και την ασφάλεια|##|new|##|82
EN|##|Possible impacts on health and safety|##|Possible impacts on health and safety|##|new|##|82
EN_1|##|Possible impacts on health and safety|##|Possible impacts on health and safety|##|new|##|82
EN_2|##|Possible impacts on health and safety|##|Possible impacts on health and safety|##|new|##|82
ES|##|Posibles repercusiones en la prevención de riesgos laborales|##|Posibles repercusiones en la prevención de riesgos laborales|##|new|##|82
ET|##|Võimalik mõju ohutusele ja tervisele|##|Võimalik mõju ohutusele ja tervisele|##|new|##|82
FI|##|Mahdolliset vaikutukset terveyteen ja turvallisuuteen|##|Mahdolliset vaikutukset terveyteen ja turvallisuuteen|##|new|##|82
FR|##|Incidences possibles sur la santé et la sécurité|##|Incidences possibles sur la santé et la sécurité|##|new|##|82
FR_1|##|Incidences possibles sur la santé et la sécurité|##|Incidences possibles sur la santé et la sécurité|##|new|##|82
FR_2|##|Incidences possibles sur la santé et la sécurité|##|Incidences possibles sur la santé et la sécurité|##|new|##|82
FR_3|##|Incidences possibles sur la santé et la sécurité|##|Incidences possibles sur la santé et la sécurité|##|new|##|82
HR|##|Mogući utjecaji na zdravlje i sigurnost zaposlenika|##|Mogući utjecaji na zdravlje i sigurnost zaposlenika|##|new|##|82
HU|##|Az egészségre és biztonságra gyakorolt lehetséges hatások|##|Az egészségre és biztonságra gyakorolt lehetséges hatások|##|new|##|82
IS|##|Hugsanleg áhrif á heilsu og öryggi|##|Hugsanleg áhrif á heilsu og öryggi|##|new|##|82
IT|##|Possibili impatti sulla salute e sulla sicurezza|##|Possibili impatti sulla salute e sulla sicurezza|##|new|##|82
IT_1|##|Possibili impatti sulla salute e sulla sicurezza|##|Possibili impatti sulla salute e sulla sicurezza|##|new|##|82
LT|##|Galimas poveikis darbuotojų saugai ir sveikatai|##|Galimas poveikis darbuotojų saugai ir sveikatai|##|new|##|82
LU|##|Méiglechen Impakt op d'Gesondheet an d'Sécherheet|##|Méiglechen Impakt op d'Gesondheet an d'Sécherheet|##|new|##|82
LV|##|Iespējamā ietekme uz veselību un drošību|##|Iespējamā ietekme uz veselību un drošību|##|new|##|82
MK|##|Можни влијанија врз здравјето и безбедноста на работа|##|Можни влијанија врз здравјето и безбедноста на работа|##|new|##|82
MT|##|Impatti possibbli fuq is-saħħa u s-sigurtà|##|Impatti possibbli fuq is-saħħa u s-sigurtà|##|new|##|82
NL|##|Mogelijke effecten op de veiligheid en gezondheid|##|Mogelijke effecten op de veiligheid en gezondheid|##|new|##|82
NL_1|##|Mogelijke effecten op de gezondheid en veiligheid|##|Mogelijke effecten op de gezondheid en veiligheid|##|new|##|82
NO|##|Mulig innvirkning på helse og sikkerhet|##|Mulig innvirkning på helse og sikkerhet|##|new|##|82
PL|##|Możliwy wpływ na zdrowie i bezpieczeństwo|##|Możliwy wpływ na zdrowie i bezpieczeństwo|##|new|##|82
PT|##|Possíveis impactos na segurança a saúde|##|Possíveis impactos na segurança a saúde|##|new|##|82
RO|##|Posibilul impact asupra sănătății și securității|##|Posibilul impact asupra sănătății și securității|##|new|##|82
RU_1|##|Возможное воздействие на здоровье и безопасность|##|Возможное воздействие на здоровье и безопасность|##|new|##|82
RU_2|##|возможное влияние на охрану труда сотрудников|##|возможное влияние на охрану труда сотрудников|##|new|##|82
RU_3|##|Возможное воздействие на здоровье и безопасность|##|Возможное воздействие на здоровье и безопасность|##|new|##|82
SK|##|Možný vplyv na zdravie a bezpečnosť|##|Možný vplyv na zdravie a bezpečnosť|##|new|##|82
SL|##|Možni vplivi na varnost in zdravje|##|Možni vplivi na varnost in zdravje|##|new|##|82
SR|##|Mogući uticaji na zdravlje i bezbednost|##|Mogući uticaji na zdravlje i bezbednost|##|new|##|82
SV|##|Möjlig inverkan på arbetsmiljöen|##|Möjlig inverkan på arbetsmiljöen|##|new|##|82
SV_1|##|Möjlig inverkan på hälsan och säkerheten|##|Möjlig inverkan på hälsan och säkerheten|##|new|##|82
EN|##|Worker participation|##|Worker participation|##|no change|##|91
EN|##|Reasons for addressing health and safety in the establishment|##|Reasons for addressing health and safety in the establishment|##|no change|##|92
EN|##|Main difficulties in addressing health and safety|##|Main difficulties in addressing health and safety|##|no change|##|98
EN|##|Difficulties in addressing psychosocial risks|##|Difficulties in addressing psychosocial risks|##|no change|##|108
BG|##|Възникващи рискове и тяхното управление|##|Възникващи рискове и тяхното управление|##|new|##|113
CS|##|Vznikající rizika a jejich řízení|##|Vznikající rizika a jejich řízení|##|new|##|113
DA|##|Risici i fremvækst og deres håndtering|##|Risici i fremvækst og deres håndtering|##|new|##|113
DE|##|Aufkommende Risiken und ihr Management|##|Aufkommende Risiken und ihr Management|##|new|##|113
DE_1|##|Aufkommende Risiken und ihr Management|##|Aufkommende Risiken und ihr Management|##|new|##|113
DE_2|##|Aufkommende Risiken und ihr Management|##|Aufkommende Risiken und ihr Management|##|new|##|113
DE_3|##|Aufkommende Risiken und ihr Management|##|Aufkommende Risiken und ihr Management|##|new|##|113
EL|##|Αναδυόμενοι κίνδυνοι και η διαχείρισή τους|##|Αναδυόμενοι κίνδυνοι και η διαχείρισή τους|##|new|##|113
EL_1|##|Αναδυόμενοι κίνδυνοι και η διαχείρισή τους|##|Αναδυόμενοι κίνδυνοι και η διαχείρισή τους|##|new|##|113
EN|##|Emerging risks and their management|##|Emerging risks and their management|##|new|##|113
EN_1|##|Emerging risks and their management|##|Emerging risks and their management|##|new|##|113
EN_2|##|Emerging risks and their management|##|Emerging risks and their management|##|new|##|113
ES|##|Los riesgos emergentes y su gestión|##|Los riesgos emergentes y su gestión|##|new|##|113
ET|##|Tekkivad riskid ja nende ohjamine|##|Tekkivad riskid ja nende ohjamine|##|new|##|113
FI|##|Kehittyvät riskit ja niiden hallinta|##|Kehittyvät riskit ja niiden hallinta|##|new|##|113
FR|##|Les risques émergents et leur gestion|##|Les risques émergents et leur gestion|##|new|##|113
FR_1|##|Les risques émergents et leur gestion|##|Les risques émergents et leur gestion|##|new|##|113
FR_2|##|Les risques émergents et leur gestion|##|Les risques émergents et leur gestion|##|new|##|113
FR_3|##|Les risques émergents et leur gestion|##|Les risques émergents et leur gestion|##|new|##|113
HR|##|Rizici u nastajanju i upravljanje njima|##|Rizici u nastajanju i upravljanje njima|##|new|##|113
HU|##|Felmerülő kockázatok és ezek kezelése|##|Pszichoszociális kockázatok és ezek kezelése|##|new|##|113
IS|##|Aðsteðjandi áhættuþættir og viðbrögð við þeim|##|Aðsteðjandi áhættuþættir og viðbrögð við þeim|##|new|##|113
IT|##|Rischi emergenti e loro gestione|##|Rischi emergenti e loro gestione|##|new|##|113
IT_1|##|Rischi emergenti e loro gestione|##|Rischi emergenti e loro gestione|##|new|##|113
LT|##|Kylanti rizika ir jos valdymas|##|Kylanti rizika ir jos valdymas|##|new|##|113
LU|##|Nei Risiken, déi entstinn, an hir Gestioun|##|Nei Risiken, déi entstinn, an hir Gestioun|##|new|##|113
LV|##|Jauni riski un to pārvaldība|##|Jauni riski un to pārvaldība|##|new|##|113
MK|##|Нови ризици и управување со нив|##|Нови ризици и управување со нив|##|new|##|113
MT|##|Riskji emerġenti u l-ġestjoni tagħhom|##|Riskji emerġenti u l-ġestjoni tagħhom|##|new|##|113
NL|##|Opkomende risico’s en het beheer ervan|##|Opkomende risico’s en het beheer ervan|##|new|##|113
NL_1|##|Opkomende risico’s en het beheer ervan|##|Opkomende risico’s en het beheer ervan|##|new|##|113
NO|##|Framvoksende risikoer og håndtering av disse|##|Framvoksende risikoer og håndtering av disse|##|new|##|113
PL|##|Pojawiające się zagrożenia i zarządzenie nimi|##|Pojawiające się zagrożenia i zarządzenie nimi|##|new|##|113
PT|##|Riscos emergentes e sua gestão|##|Riscos emergentes e sua gestão|##|new|##|113
RO|##|Riscurile emergente și gestionarea lor|##|Riscurile emergente și gestionarea lor|##|new|##|113
RU_1|##|Новые факторы риска и управление ими|##|Новые факторы риска и управление ими|##|new|##|113
RU_2|##|Новые факторы риска и управление ими|##|Новые факторы риска и управление ими|##|new|##|113
RU_3|##|Новые факторы риска и управление ими|##|Новые факторы риска и управление ими|##|new|##|113
SK|##|Vznikajúce riziká a ich riadenie|##|Vznikajúce riziká a ich riadenie|##|new|##|113
SL|##|Nastajajoča tveganja in njihovo upravljanje|##|Nastajajoča tveganja in njihovo upravljanje|##|new|##|113
SR|##|Rizici u nastajanju i upravljanje njima|##|Rizici u nastajanju i upravljanje njima|##|new|##|113
SV|##|Framväxande risker och hanteringen av dem|##|Framväxande risker och hanteringen av dem|##|new|##|113
SV_1|##|Framväxande risker och hanteringen av dem|##|Framväxande risker och hanteringen av dem|##|new|##|113
EN|##|Forms of employee representation|##|Forms of employee representation|##|no change|##|116
